image_file_name;acquisition_year;seasonal_harvest_no;label_type;fresh_grass;dry_grass;fresh_white_clover;dry_white_clover;fresh_red_clover;dry_red_clover;fresh_clover;dry_clover;fresh_weeds;dry_weeds;dry_total;dry_clover_fraction;dry_red_clover_fraction;dry_white_clover_fraction;dry_grass_fraction;dry_weeds_fraction
biomass_image_train_0000.jpg;2017;1;semi_advance;630.65;103.48;240.39;27.84;0;0;240.39;27.84;30.96;3.98;135.3;0.205764967;0;0.205764967;0.764818921;0.029416112
biomass_image_train_0001.jpg;2017;1;basic;588.56;124.88;;;;;91.27;12.58;0;0;137.46;0.091517532;0;0;0.908482468;0
biomass_image_train_0002.jpg;2017;1;semi_advance;437.74;83.06;3.91;0.64;0;0;3.91;0.64;27.38;3.44;87.14;0.007344503;0;0.007344503;0.953178793;0.039476704
biomass_image_train_0003.jpg;2017;4;advance;72.39;9.92;221.12;26.86;8.98;1.51;230.1;28.37;80.44;9.76;48.05;0.590426639;0.031425598;0.559001041;0.206451613;0.203121748
biomass_image_train_0004.jpg;2017;1;basic;111.21;23.14;;;;;417.18;61.11;0;0;84.25;0.725341246;0;0;0.274658754;0
biomass_image_train_0005.jpg;2017;2;basic;215.81;46.65;;;;;308.75;53.59;0;0;100.24;0.534616919;0;0;0.465383081;0
biomass_image_train_0006.jpg;2017;2;advance;45.04;9.18;76.55;12.46;84.61;14.91;161.16;27.37;16.96;2.75;39.3;0.696437659;0.379389313;0.317048346;0.233587786;0.069974555
biomass_image_train_0007.jpg;2017;3;advance;104.29;16.67;183.05;26.77;134.93;21.84;317.98;48.61;73.75;9.14;74.42;0.653184628;0.293469497;0.35971513;0.223998925;0.122816447
biomass_image_train_0008.jpg;2018;2;advance;87.04;23.69;48.76;12.65;0;0;48.76;12.65;0;0;36.34;0.348101266;0;0.348101266;0.651898734;0
biomass_image_train_0009.jpg;2017;1;basic;598.66;136.58;;;;;55.14;8.69;0;0;145.27;0.059819646;0;0;0.940180354;0
biomass_image_train_0010.jpg;2017;2;advance;136.46;27.3;129.96;23.09;42.94;8.04;172.9;31.13;33.96;5.18;63.61;0.489388461;0.126395221;0.36299324;0.429177802;0.081433737
biomass_image_train_0011.jpg;2017;2;basic;174.22;36.77;;;;;223.99;39.43;0;0;76.2;0.517454068;0;0;0.482545932;0
biomass_image_train_0012.jpg;2017;3;basic;174.23;37.13;;;;;159.08;37.47;0;0;74.6;0.50227882;0;0;0.49772118;0
biomass_image_train_0013.jpg;2017;2;advance;161.48;25.71;122.8;16.45;124.94;20.48;247.74;36.93;19.51;2.32;64.96;0.568503695;0.315270936;0.253232759;0.39578202;0.035714286
biomass_image_train_0014.jpg;2017;2;basic;131.37;25.96;;;;;378.82;61.54;0;0;87.5;0.703314286;0;0;0.296685714;0
biomass_image_train_0015.jpg;2017;3;basic;211.07;53.91;;;;;55.08;14.32;0;0;68.23;0.209878353;0;0;0.790121647;0
biomass_image_train_0016.jpg;2017;4;advance;103.11;14.42;142.06;17.17;0;0;142.06;17.17;48.96;5.54;37.13;0.462429302;0;0.462429302;0.388365203;0.149205494
biomass_image_train_0017.jpg;2017;3;advance;93.48;14.73;203.21;25.81;18.81;3.12;222.02;28.93;28.07;3.51;47.17;0.613313547;0.066143735;0.547169811;0.312274751;0.074411702
biomass_image_train_0018.jpg;2017;3;basic;143.43;40.98;;;;;95.64;26.62;0;0;67.6;0.393786982;0;0;0.606213018;0
biomass_image_train_0019.jpg;2017;1;basic;416.62;95.56;;;;;106.3;14.86;0;0;110.42;0.134577069;0;0;0.865422931;0
biomass_image_train_0020.jpg;2017;3;advance;139.22;22.77;103.58;14.56;91.78;14.28;195.36;28.84;53.25;6.4;58.01;0.497155663;0.246164454;0.250991208;0.392518531;0.110325806
biomass_image_train_0021.jpg;2017;4;basic;189.16;34.78;;;;;54.84;9.88;0;0;44.66;0.221227049;0;0;0.778772951;0
biomass_image_train_0022.jpg;2017;1;semi_advance;270.9;40.48;426.97;47.47;174.37;21.4;601.34;68.87;104.45;11.11;120.46;0.571725054;0.177652333;0.394072721;0.33604516;0.092229786
biomass_image_train_0023.jpg;2017;2;basic;154.41;33.2;;;;;244.01;43.01;0;0;76.21;0.564361632;0;0;0.435638368;0
biomass_image_train_0024.jpg;2017;2;advance;137.69;28.06;98.34;16.85;64.05;11.52;162.39;28.37;2.91;0.53;56.96;0.49806882;0.202247191;0.295821629;0.492626404;0.009304775
biomass_image_train_0025.jpg;2017;2;advance;75.24;14.69;194.47;34.87;10.93;2.44;205.4;37.31;5.46;0.68;52.68;0.708238421;0.046317388;0.661921033;0.278853455;0.012908125
biomass_image_train_0026.jpg;2018;2;advance;69.76;18.74;2.93;0.8;2.7;0.84;5.63;1.64;0;0;20.38;0.08047105;0.041216879;0.039254171;0.91952895;0
biomass_image_train_0027.jpg;2017;4;basic;239.6;45.92;;;;;162.4;25.57;0;0;71.49;0.357672402;0;0;0.642327598;0
biomass_image_train_0028.jpg;2017;2;basic;114.94;26.13;;;;;35.89;7.6;0;0;33.73;0.225318707;0;0;0.774681293;0
biomass_image_train_0029.jpg;2018;2;advance;69.68;16.16;0;0;82.33;22.57;82.33;22.57;0;0;38.73;0.582752388;0.582752388;0;0.417247612;0
biomass_image_train_0030.jpg;2017;4;basic;204.88;47.35;;;;;107.45;21.67;0;0;69.02;0.313966966;0;0;0.686033034;0
biomass_image_train_0031.jpg;2017;1;semi_advance;511.24;107.58;0.31;0.15;0;0;0.31;0.15;20.04;4.8;112.53;0.001332978;0;0.001332978;0.95601173;0.042655292
biomass_image_train_0032.jpg;2017;2;basic;24.73;6.32;;;;;132.25;27.79;0;0;34.11;0.814717092;0;0;0.185282908;0
biomass_image_train_0033.jpg;2017;3;advance;104.02;16.99;60.1;8.76;27.08;4.37;87.18;13.13;18.01;2.18;32.3;0.406501548;0.135294118;0.27120743;0.526006192;0.06749226
biomass_image_train_0034.jpg;2018;2;advance;70.7;17.56;6.3;1.45;20.39;4.25;26.69;5.7;0;0;23.26;0.24505589;0.182717111;0.062338779;0.75494411;0
biomass_image_train_0035.jpg;2017;3;advance;72;13.2;149.89;21.84;0;0;149.89;21.84;113.27;13.79;48.83;0.447266025;0;0.447266025;0.270325619;0.282408356
biomass_image_train_0036.jpg;2017;2;basic;99.33;23.43;;;;;81.69;17.34;0;0;40.77;0.42531273;0;0;0.57468727;0
biomass_image_train_0037.jpg;2017;2;basic;146.3;32.08;;;;;102.31;20.37;0;0;52.45;0.388369876;0;0;0.611630124;0
biomass_image_train_0038.jpg;2017;4;advance;67.61;10.16;173.3;22.07;0;0;173.3;22.07;89.91;10.67;42.9;0.514452214;0;0.514452214;0.236829837;0.248717949
biomass_image_train_0039.jpg;2017;2;advance;190.07;38.73;25.81;4.3;58.77;10.07;84.58;14.37;39.19;5.77;58.87;0.244097163;0.171054867;0.073042297;0.657890267;0.09801257
biomass_image_train_0040.jpg;2017;2;advance;76.31;16.87;138.67;25.91;10.24;2.29;148.91;28.2;31.08;4.56;49.63;0.568204715;0.046141447;0.522063268;0.339915374;0.091879911
biomass_image_train_0041.jpg;2017;2;basic;152;35.59;;;;;45.75;9.6;0;0;45.19;0.21243638;0;0;0.78756362;0
biomass_image_train_0042.jpg;2018;2;advance;113.59;27.02;1.74;0.36;0;0;1.74;0.36;0;0;27.38;0.013148283;0;0.013148283;0.986851717;0
biomass_image_train_0043.jpg;2017;4;advance;132.06;20.17;161.13;21.82;7.7;1.76;168.83;23.58;58.79;8.15;51.9;0.45433526;0.033911368;0.420423892;0.388631985;0.157032755
biomass_image_train_0044.jpg;2017;4;advance;111.81;15.88;113.3;14.98;4.96;1.06;118.26;16.04;105.7;13.53;45.45;0.352915292;0.023322332;0.329592959;0.349394939;0.297689769
biomass_image_train_0045.jpg;2017;2;advance;105.37;17.96;219.83;35.19;38.02;6.6;257.85;41.79;31.96;4.58;64.33;0.649619151;0.102595989;0.547023162;0.27918545;0.071195399
biomass_image_train_0046.jpg;2017;1;semi_advance;739.1;109.25;183.28;19.3;84.09;9.95;267.37;29.25;45.16;5.33;143.83;0.203365084;0.069178892;0.134186192;0.759577279;0.037057637
biomass_image_train_0047.jpg;2017;3;advance;74.38;14.34;48.9;8.37;0;0;48.9;8.37;32.11;4.79;27.5;0.304363636;0;0.304363636;0.521454545;0.174181818
biomass_image_train_0048.jpg;2017;3;advance;97.84;15.02;215.95;27.4;13.89;2.05;229.84;29.45;22.66;2.54;47.01;0.626462455;0.043607743;0.582854712;0.319506488;0.054031057
biomass_image_train_0049.jpg;2017;3;advance;117.95;17.72;193.23;25.38;6.81;1.4;200.04;26.78;53.35;6.27;50.77;0.527476856;0.02757534;0.499901517;0.349025015;0.123498129
biomass_image_train_0050.jpg;2017;4;basic;261.59;53.93;;;;;51.1;10.69;0;0;64.62;0.16542866;0;0;0.83457134;0
biomass_image_train_0051.jpg;2017;2;advance;109.02;18.73;149.99;22.8;16.31;2.91;166.3;25.71;13.61;2.16;46.6;0.551716738;0.062446352;0.489270386;0.40193133;0.046351931
biomass_image_train_0052.jpg;2017;4;basic;286.75;64.73;;;;;61.07;10.35;0;0;75.08;0.137852957;0;0;0.862147043;0
biomass_image_train_0053.jpg;2017;4;advance;123.54;16.05;227.36;26.73;4.87;1.02;232.23;27.75;1.79;0.32;44.12;0.628966455;0.023118767;0.605847688;0.363780598;0.007252947
biomass_image_train_0054.jpg;2018;2;advance;78.02;21.29;63.55;17;0;0;63.55;17;0;0;38.29;0.443980151;0;0.443980151;0.556019849;0
biomass_image_train_0055.jpg;2018;2;advance;62.92;16.18;4.16;1.28;25.44;5.94;29.6;7.22;0;0;23.4;0.308547009;0.253846154;0.054700855;0.691452991;0
biomass_image_train_0056.jpg;2017;1;semi_advance;203.67;39.37;167.1;23.8;20;2.97;187.1;26.77;33.07;4.45;70.59;0.379232186;0.042073948;0.337158238;0.557727723;0.063040091
biomass_image_train_0057.jpg;2017;3;advance;145.93;25.74;117.06;17.83;0;0;117.06;17.83;29.14;3.54;47.11;0.378475907;0;0.378475907;0.546380811;0.075143282
biomass_image_train_0058.jpg;2017;1;basic;45.72;9.35;;;;;520.94;72.28;0;0;81.63;0.885458777;0;0;0.114541223;0
biomass_image_train_0059.jpg;2018;2;advance;120.53;26.99;3.17;0.96;0;0;3.17;0.96;0;0;27.95;0.034347048;0;0.034347048;0.965652952;0
biomass_image_train_0060.jpg;2017;1;basic;130.08;24.6;;;;;572.66;81.13;0;0;105.73;0.767331883;0;0;0.232668117;0
biomass_image_train_0061.jpg;2017;2;basic;122.14;28.23;;;;;72.05;15.22;0;0;43.45;0.350287687;0;0;0.649712313;0
biomass_image_train_0062.jpg;2017;2;advance;66.05;13.47;121.37;21.81;14.2;2.87;135.57;24.68;47.83;7.57;45.72;0.539807524;0.062773403;0.477034121;0.294619423;0.165573053
biomass_image_train_0063.jpg;2017;4;advance;143.56;29.25;52.13;8.46;0;0;52.13;8.46;3.28;0.67;38.38;0.220427306;0;0.220427306;0.762115685;0.017457009
biomass_image_train_0064.jpg;2017;3;advance;111.82;20.29;90.47;13.47;13.76;2.63;104.23;16.1;15.68;1.75;38.14;0.422128998;0.068956476;0.353172522;0.531987415;0.045883587
biomass_image_train_0065.jpg;2017;4;advance;164.4;27.62;138.12;20.21;19.29;3.62;157.41;23.83;6.58;1.1;52.55;0.453472883;0.068886775;0.384586108;0.525594672;0.020932445
biomass_image_train_0066.jpg;2017;4;advance;127.34;23.35;12.31;2.14;38.26;6.65;50.57;8.79;4.29;0.8;32.94;0.266848816;0.20188221;0.064966606;0.708864602;0.024286582
biomass_image_train_0067.jpg;2018;2;advance;72.23;20.39;41.95;11.98;0;0;41.95;11.98;0;0;32.37;0.370095768;0;0.370095768;0.629904232;0
biomass_image_train_0068.jpg;2017;2;advance;85.99;17.66;49.59;8.97;23.54;4.66;73.13;13.63;53.57;7.65;38.94;0.350025681;0.119671289;0.230354391;0.453518233;0.196456086
biomass_image_train_0069.jpg;2017;3;advance;153.82;27.03;57.95;7.94;19.71;2.9;77.66;10.84;61.32;7.04;44.91;0.241371632;0.064573592;0.176798041;0.601870407;0.15675796
biomass_image_train_0070.jpg;2017;2;advance;105.7;20.3;127.9;19.55;60.48;9.91;188.38;29.46;39.8;5.51;55.27;0.533019721;0.17930161;0.353718111;0.36728786;0.099692419
biomass_image_train_0071.jpg;2017;2;advance;191.96;35.44;37.94;5.43;0;0;37.94;5.43;85.27;10.66;51.53;0.105375509;0;0.105375509;0.687754706;0.206869785
biomass_image_train_0072.jpg;2017;1;semi_advance;679.97;125.65;14.16;1.94;78.04;10.64;92.2;12.58;41.4;5.7;143.93;0.087403599;0.073924825;0.013478774;0.872993816;0.039602585
biomass_image_train_0073.jpg;2018;2;advance;90.65;20.62;3.24;1.03;45.51;11.75;48.75;12.78;0;0;33.4;0.382634731;0.351796407;0.030838323;0.617365269;0
biomass_image_train_0074.jpg;2017;3;advance;104.48;19.18;45.52;6.96;22.44;3.57;67.96;10.53;25.27;3.52;33.23;0.316882335;0.107433042;0.209449293;0.577189287;0.105928378
biomass_image_train_0075.jpg;2017;4;basic;168.94;30.91;;;;;262.16;42.01;0;0;72.92;0.576110806;0;0;0.423889194;0
biomass_image_train_0076.jpg;2017;3;basic;199.45;40.67;;;;;116.98;24.44;0;0;65.11;0.375364767;0;0;0.624635233;0
biomass_image_train_0077.jpg;2017;1;semi_advance;490.39;77.12;146.01;18.52;70.56;10.09;216.57;28.61;85.71;11.07;116.8;0.24494863;0.086386986;0.158561644;0.660273973;0.094777397
biomass_image_train_0078.jpg;2017;1;semi_advance;171.25;31.33;209.02;28.19;30.35;4.66;239.37;32.85;262.4;36.27;100.45;0.327028372;0.046391239;0.280637133;0.311896466;0.361075162
biomass_image_train_0079.jpg;2017;2;advance;91.12;17.89;176.36;28.74;3.5;0.87;179.86;29.61;4.61;0.77;48.27;0.613424487;0.018023617;0.59540087;0.370623576;0.015951937
biomass_image_train_0080.jpg;2017;4;advance;123.35;14.82;181.91;21.96;6.08;1.31;187.99;23.27;21.54;2.51;40.6;0.573152709;0.03226601;0.5408867;0.365024631;0.06182266
biomass_image_train_0081.jpg;2017;1;basic;558.35;116.65;;;;;155.69;19.89;0;0;136.54;0.145671598;0;0;0.854328402;0
biomass_image_train_0082.jpg;2017;4;basic;197.82;48.12;;;;;36.47;7.87;0;0;55.99;0.140560814;0;0;0.859439186;0
biomass_image_train_0083.jpg;2017;2;basic;141.9;28.56;;;;;153.75;29.93;0;0;58.49;0.511711404;0;0;0.488288596;0
biomass_image_train_0084.jpg;2017;4;advance;145.37;20.92;153.14;19.93;0;0;153.14;19.93;29.78;4.03;44.88;0.444073084;0;0.444073084;0.466131907;0.089795009
biomass_image_train_0085.jpg;2017;4;advance;122.27;18.33;90.69;11.54;34.28;5.53;124.97;17.07;56;6.47;41.87;0.407690471;0.132075472;0.275614999;0.437783616;0.154525914
biomass_image_train_0086.jpg;2017;4;basic;221.05;48.83;;;;;80.79;15.13;0;0;63.96;0.236554096;0;0;0.763445904;0
biomass_image_train_0087.jpg;2017;4;basic;234.23;55.39;;;;;50.91;9.45;0;0;64.84;0.145743368;0;0;0.854256632;0
biomass_image_train_0088.jpg;2017;1;basic;0;0;;;;;1121.27;144.4;0;0;144.4;1;0;0;0;0
biomass_image_train_0089.jpg;2017;3;advance;118.29;18.79;168.61;23.29;0;0;168.61;23.29;57.32;6.84;48.92;0.476083401;0;0.476083401;0.384096484;0.139820114
biomass_image_train_0090.jpg;2018;2;advance;77.12;18.71;0;0;75.3;20.52;75.3;20.52;0;0;39.23;0.52306908;0.52306908;0;0.47693092;0
biomass_image_train_0091.jpg;2017;1;semi_advance;521.31;85.97;121.91;15.2;164.62;20.35;286.53;35.55;134.8;15.71;137.23;0.259054143;0.14829119;0.110762953;0.626466516;0.114479341
biomass_image_train_0092.jpg;2017;4;advance;23.98;5.79;11.47;2.38;0;0;11.47;2.38;3.78;0.91;9.08;0.262114537;0;0.262114537;0.637665198;0.100220264
biomass_image_train_0093.jpg;2018;2;advance;87.41;23.16;32.61;9.23;0;0;32.61;9.23;0;0;32.39;0.284964495;0;0.284964495;0.715035505;0
biomass_image_train_0094.jpg;2017;1;basic;107.64;21.38;;;;;384.09;60.95;0;0;82.33;0.740313373;0;0;0.259686627;0
biomass_image_train_0095.jpg;2017;2;advance;47.39;12.19;26.21;5.38;58.04;9.53;84.25;14.91;1.7;0.46;27.56;0.541001451;0.345791001;0.19521045;0.442307692;0.016690856
biomass_image_train_0096.jpg;2017;3;basic;31.37;7.69;;;;;269.06;53.64;0;0;61.33;0.874612751;0;0;0.125387249;0
biomass_image_train_0097.jpg;2017;2;advance;63.34;12.48;186.33;31.18;89.07;14.65;275.4;45.83;4.1;0.68;58.99;0.776911341;0.248347177;0.528564163;0.211561282;0.011527378
biomass_image_train_0098.jpg;2017;1;semi_advance;622.82;82.91;106.41;11.26;627.33;70.92;733.74;82.18;12.97;1.42;166.51;0.493543931;0.425920365;0.067623566;0.497928052;0.008528016
biomass_image_train_0099.jpg;2017;4;basic;313.21;62.23;;;;;79.43;13.68;0;0;75.91;0.180213411;0;0;0.819786589;0
biomass_image_train_0100.jpg;2017;4;basic;226.66;43.53;;;;;80.92;13.97;0;0;57.5;0.242956522;0;0;0.757043478;0
biomass_image_train_0101.jpg;2017;3;basic;157.73;33.4;;;;;46.54;10.21;0;0;43.61;0.234120615;0;0;0.765879385;0
biomass_image_train_0102.jpg;2017;2;basic;39.55;12.15;;;;;171.77;35.43;0;0;47.58;0.744640605;0;0;0.255359395;0
biomass_image_train_0103.jpg;2017;4;advance;137.91;20.93;100.52;12.5;17.96;2.54;118.48;15.04;95.04;11.52;47.49;0.316698252;0.053484944;0.263213308;0.440724363;0.242577385
biomass_image_train_0104.jpg;2017;2;advance;137.96;25.2;120.99;17.59;43.45;7.26;164.44;24.85;0.75;0.24;50.29;0.494134023;0.144362696;0.349771326;0.501093657;0.004772321
biomass_image_train_0105.jpg;2017;4;advance;180.82;27.07;100.06;13.33;155.57;25.25;255.63;38.58;5.37;0.79;66.44;0.580674293;0.380042143;0.200632149;0.40743528;0.011890427
biomass_image_train_0106.jpg;2017;1;semi_advance;242.18;39.13;333.67;40.06;375.68;49.02;709.35;89.08;16.08;2.09;130.3;0.683653108;0.376208749;0.307444359;0.300306984;0.016039908
biomass_image_train_0107.jpg;2017;3;advance;48.73;9.03;64.7;11.58;11.69;2.66;76.39;14.24;59.72;9.37;32.64;0.43627451;0.081495098;0.354779412;0.276654412;0.287071078
biomass_image_train_0108.jpg;2017;4;basic;281.56;57.54;;;;;72.04;13.27;0;0;70.81;0.187402909;0;0;0.812597091;0
biomass_image_train_0109.jpg;2017;1;basic;129.56;26.52;;;;;341.79;50.07;0;0;76.59;0.653740697;0;0;0.346259303;0
biomass_image_train_0110.jpg;2017;3;basic;189.64;44.54;;;;;78.23;18.54;0;0;63.08;0.293912492;0;0;0.706087508;0
biomass_image_train_0111.jpg;2017;4;basic;282.99;58.77;;;;;102.94;18.45;0;0;77.22;0.238927739;0;0;0.761072261;0
biomass_image_train_0112.jpg;2017;2;advance;94.05;18.49;225.16;36.95;0;0;225.16;36.95;56.9;8.55;63.99;0.577433974;0;0.577433974;0.288951399;0.133614627
biomass_image_train_0113.jpg;2017;1;semi_advance;418.36;72.35;229.31;27.52;171.56;21.14;400.87;48.66;20.81;2.83;123.84;0.392926357;0.170704134;0.222222222;0.584221576;0.022852067
biomass_image_train_0114.jpg;2017;3;basic;169.51;36.49;;;;;79.92;17.63;0;0;54.12;0.325757576;0;0;0.674242424;0
biomass_image_train_0115.jpg;2018;2;advance;101.43;21.46;3.42;0.9;0;0;3.42;0.9;0;0;22.36;0.040250447;0;0.040250447;0.959749553;0
biomass_image_train_0116.jpg;2017;2;advance;91.82;17.68;209.21;34.72;7.72;1.52;216.93;36.24;15.86;2.26;56.18;0.64506942;0.027055892;0.618013528;0.314702741;0.040227839
biomass_image_train_0117.jpg;2017;4;basic;195.37;45.7;;;;;119.01;23.6;0;0;69.3;0.340548341;0;0;0.659451659;0
biomass_image_train_0118.jpg;2017;2;advance;186.4;36.69;54.58;8.68;0;0;54.58;8.68;36.7;4.59;49.96;0.173738991;0;0.173738991;0.73438751;0.091873499
biomass_image_train_0119.jpg;2017;3;advance;118.89;25.07;0;0;18.5;3.29;18.5;3.29;0;0;28.36;0.116008463;0.116008463;0;0.883991537;0
biomass_image_train_0120.jpg;2017;3;advance;119.14;18.68;209.78;26.56;7.04;1.37;216.82;27.93;52.87;6.23;52.84;0.528576836;0.025927328;0.502649508;0.353520061;0.117903104
biomass_image_train_0121.jpg;2017;1;semi_advance;187.66;36.84;127.86;16.3;80.77;10.64;208.63;26.94;66.39;9.6;73.38;0.367130008;0.144998637;0.222131371;0.502044154;0.130825838
biomass_image_train_0122.jpg;2017;3;advance;123.53;18.49;179.94;22.55;68.88;10.89;248.82;33.44;43.8;5.07;57;0.586666667;0.191052632;0.395614035;0.324385965;0.088947368
biomass_image_train_0123.jpg;2018;2;advance;90.07;21.59;5.28;1.29;0;0;5.28;1.29;0;0;22.88;0.056381119;0;0.056381119;0.943618881;0
biomass_image_train_0124.jpg;2017;4;advance;142.3;18.74;124.65;16.14;26.73;4.65;151.38;20.79;20.47;2.58;42.11;0.493706958;0.110425077;0.383281881;0.445024935;0.061268107
biomass_image_train_0125.jpg;2017;3;advance;57.57;11.34;115.68;18.71;0;0;115.68;18.71;25.9;4.03;34.08;0.549002347;0;0.549002347;0.332746479;0.118251174
biomass_image_train_0126.jpg;2017;4;advance;112.12;15.8;122.88;15.36;2.27;0.71;125.15;16.07;37.29;4.59;36.46;0.440756994;0.019473396;0.421283598;0.433351618;0.125891388
biomass_image_train_0127.jpg;2017;1;semi_advance;382.54;75.51;36.17;5.87;0;0;36.17;5.87;20.28;3.04;84.42;0.069533286;0;0.069533286;0.89445629;0.036010424
biomass_image_train_0128.jpg;2017;2;advance;52.43;10.06;107.74;16.52;129.32;22.64;237.06;39.16;24.78;3.37;52.59;0.744628256;0.430500095;0.314128161;0.19129112;0.064080624
biomass_image_train_0129.jpg;2017;2;basic;130.15;30.34;;;;;167.02;29.05;0;0;59.39;0.489139586;0;0;0.510860414;0
biomass_image_train_0130.jpg;2017;1;semi_advance;424.47;59.4;131.84;14.32;599.72;66.69;731.56;81.01;28.8;3.18;143.59;0.564175778;0.464447385;0.099728393;0.413677833;0.022146389
biomass_image_train_0131.jpg;2017;1;basic;161.84;33.57;;;;;377.81;54.92;0;0;88.49;0.6206351;0;0;0.3793649;0
biomass_image_train_0132.jpg;2017;2;advance;85.19;19.09;64.65;12.08;4.48;1.12;69.13;13.2;21.55;3.1;35.39;0.372986719;0.031647358;0.341339361;0.539417915;0.087595366
biomass_image_train_0133.jpg;2017;3;advance;76.47;16.5;21.94;3.63;1.25;0.4;23.19;4.03;69.11;9.7;30.23;0.13331128;0.013231889;0.120079391;0.545815415;0.320873305
biomass_image_train_0134.jpg;2017;2;basic;140.09;30.32;;;;;175.91;35.73;0;0;66.05;0.540953823;0;0;0.459046177;0
biomass_image_train_0135.jpg;2018;2;advance;93.73;26.24;11.24;3.19;75.81;19.53;87.05;22.72;0;0;48.96;0.464052288;0.398897059;0.065155229;0.535947712;0
biomass_image_train_0136.jpg;2017;1;basic;190.21;42.07;;;;;297.65;42.87;0;0;84.94;0.504709206;0;0;0.495290794;0
biomass_image_train_0137.jpg;2017;4;advance;137.07;19.93;142.49;19.34;46.98;7.51;189.47;26.85;2.48;0.36;47.14;0.569579975;0.159312686;0.410267289;0.422783199;0.007636826
biomass_image_train_0138.jpg;2017;2;advance;131.86;21.99;217.51;32.74;13.02;2.56;230.53;35.3;1.03;0.22;57.51;0.613806295;0.044513998;0.569292297;0.382368284;0.003825422
biomass_image_train_0139.jpg;2017;1;basic;0;0;;;;;546.63;81.75;0;0;81.75;1;0;0;0;0
biomass_image_train_0140.jpg;2017;1;basic;183.85;37.89;;;;;381.04;53.32;0;0;91.21;0.584585024;0;0;0.415414976;0
biomass_image_train_0141.jpg;2017;4;basic;186.45;47.23;;;;;32.45;8.2;0;0;55.43;0.147934332;0;0;0.852065668;0
biomass_image_train_0142.jpg;2017;3;advance;101.19;21.77;5.18;0.82;0;0;5.18;0.82;2.03;0.43;23.02;0.035621199;0;0.035621199;0.945699392;0.018679409
biomass_image_train_0143.jpg;2017;2;advance;186.99;33.86;33.72;5.26;72.52;11.61;106.24;16.87;27.11;3.71;54.44;0.309882439;0.213262307;0.096620132;0.62196914;0.06814842
biomass_image_train_0144.jpg;2017;3;advance;138.96;23.19;120.79;17.66;41.85;7.28;162.64;24.94;51.75;6;54.13;0.460742657;0.13449104;0.326251616;0.42841308;0.110844264
biomass_image_train_0145.jpg;2017;1;semi_advance;848.03;137.21;25.7;3.13;79.67;10.03;105.37;13.16;67.93;8.24;158.61;0.082970809;0.06323687;0.019733939;0.865077864;0.051951327
biomass_image_train_0146.jpg;2017;2;basic;222.1;47.53;;;;;75.88;14.49;0;0;62.02;0.233634312;0;0;0.766365688;0
biomass_image_train_0147.jpg;2017;3;advance;111.2;17.26;261.95;34.86;5.27;1.03;267.22;35.89;0.17;0;53.15;0.675258702;0.019379116;0.655879586;0.324741298;0
biomass_image_train_0148.jpg;2017;3;advance;37.81;9.17;43.53;9.01;0;0;43.53;9.01;10.65;2.08;20.26;0.444718657;0;0.444718657;0.452615992;0.10266535
biomass_image_train_0149.jpg;2017;2;advance;90.69;17.47;165.5;32.08;0;0;165.5;32.08;17.27;2.56;52.11;0.615620802;0;0.615620802;0.335252351;0.049126847
biomass_image_train_0150.jpg;2017;1;semi_advance;202.17;29.64;275.36;29.78;114.45;14.15;389.81;43.93;75.59;7.63;81.2;0.541009852;0.174261084;0.366748768;0.365024631;0.093965517
biomass_image_train_0151.jpg;2017;2;basic;196.29;43.31;;;;;282.97;50.81;0;0;94.12;0.539842754;0;0;0.460157246;0
biomass_image_train_0152.jpg;2017;1;semi_advance;243.44;44.66;425.79;58.68;6.71;1.2;432.5;59.88;66.64;8.79;113.33;0.528368481;0.010588547;0.517779935;0.394070414;0.077561105
biomass_image_train_0153.jpg;2017;1;semi_advance;461.1;72.02;387.69;42.02;34.47;4.37;422.16;46.39;81.1;9.28;127.69;0.363301746;0.03422351;0.329078236;0.564022241;0.072676012
biomass_image_train_0154.jpg;2017;1;semi_advance;354.25;59.49;384.54;44.31;0;0;384.54;44.31;98.71;11.88;115.68;0.383039419;0;0.383039419;0.514263485;0.102697095
biomass_image_train_0155.jpg;2017;1;basic;125.71;25.76;;;;;423.57;60.71;0;0;86.47;0.702093212;0;0;0.297906788;0
biomass_image_train_0156.jpg;2017;3;basic;145.91;30.83;;;;;172.05;35.63;0;0;66.46;0.536111947;0;0;0.463888053;0
biomass_image_train_0157.jpg;2017;4;advance;195.8;29.86;101.61;13.71;89.01;14.21;190.62;27.92;16.49;2.21;59.99;0.465410902;0.236872812;0.22853809;0.497749625;0.036839473
biomass_image_train_0158.jpg;2017;3;basic;226.73;52.13;;;;;122.18;31.45;0;0;83.58;0.376286193;0;0;0.623713807;0
biomass_image_train_0159.jpg;2017;4;advance;150.09;22.61;130.58;17.27;68.38;11.27;198.96;28.54;9.88;1.72;52.87;0.53981464;0.213164365;0.326650274;0.427652733;0.032532627
biomass_image_train_0160.jpg;2017;3;basic;202.51;45.21;;;;;73.3;15.55;0;0;60.76;0.255924951;0;0;0.744075049;0
biomass_image_train_0161.jpg;2017;1;basic;141.84;23.9;;;;;568.54;75.46;0;0;99.36;0.759460548;0;0;0.240539452;0
biomass_image_train_0162.jpg;2017;4;advance;126.6;16.96;183.23;21.91;33.31;6.04;216.54;27.95;55;6.88;51.79;0.539679475;0.116624831;0.423054644;0.327476347;0.132844178
biomass_image_train_0163.jpg;2017;3;basic;211.09;45.34;;;;;117.93;26.58;0;0;71.92;0.369577308;0;0;0.630422692;0
biomass_image_train_0164.jpg;2017;4;advance;106.67;22.32;1.18;0.39;4.01;1.06;5.19;1.45;0;0;23.77;0.061001262;0.044594026;0.016407236;0.938998738;0
biomass_image_train_0165.jpg;2017;3;advance;207.19;41.45;3.03;0.5;0;0;3.03;0.5;0.94;0.3;42.25;0.01183432;0;0.01183432;0.981065089;0.007100592
biomass_image_train_0166.jpg;2017;1;semi_advance;743.45;115.23;307.56;36.2;2.82;0.48;310.38;36.68;39.75;5.18;157.09;0.233496722;0.003055573;0.230441148;0.733528551;0.032974728
biomass_image_train_0167.jpg;2018;2;advance;69.57;19.01;16.78;4.27;114.55;28.72;131.33;32.99;0;0;52;0.634423077;0.552307692;0.082115385;0.365576923;0
biomass_image_train_0168.jpg;2017;1;basic;508.72;98.8;;;;;384.45;49.08;0;0;147.88;0.331890722;0;0;0.668109278;0
biomass_image_train_0169.jpg;2017;3;basic;193.48;40.45;;;;;142.4;29.7;0;0;70.15;0.423378475;0;0;0.576621525;0
biomass_image_train_0170.jpg;2017;2;basic;146.1;31.54;;;;;298.73;52.39;0;0;83.93;0.624210652;0;0;0.375789348;0
biomass_image_train_0171.jpg;2017;1;semi_advance;138.94;29.94;0;0;0;0;0;0;63.01;8.8;38.74;0;0;0;0.772844605;0.227155395
biomass_image_train_0172.jpg;2017;4;advance;110.2;16.1;88.71;11.71;18.51;3.1;107.22;14.81;73.61;8.96;39.87;0.371457236;0.077752696;0.29370454;0.40381239;0.224730374
biomass_image_train_0173.jpg;2017;1;basic;182.86;40.81;;;;;331.09;46.83;0;0;87.64;0.534345048;0;0;0.465654952;0
biomass_image_train_0174.jpg;2017;3;advance;105;17.05;203.93;31.28;2.79;0.62;206.72;31.9;28.7;2.69;51.64;0.617738187;0.012006197;0.605731991;0.330170411;0.052091402
biomass_image_train_0175.jpg;2017;4;basic;195.61;50.1;;;;;59.72;13.42;0;0;63.52;0.21127204;0;0;0.78872796;0
biomass_image_train_0176.jpg;2017;1;semi_advance;588.87;101.33;37.94;5.14;268.75;33.52;306.69;38.66;37.3;6.48;146.47;0.263944835;0.228852325;0.03509251;0.691814023;0.044241142
biomass_image_train_0177.jpg;2017;3;basic;100.7;21.62;;;;;175.06;38.49;0;0;60.11;0.640326069;0;0;0.359673931;0
biomass_image_train_0178.jpg;2017;1;basic;498.64;99.27;;;;;258.01;35.71;0;0;134.98;0.264557712;0;0;0.735442288;0
biomass_image_train_0179.jpg;2017;4;basic;244.76;43.83;;;;;112.53;17.47;0;0;61.3;0.284991843;0;0;0.715008157;0
biomass_image_train_0180.jpg;2017;2;advance;181.06;37.78;9.77;1.89;6.24;1.46;16.01;3.35;34.77;4.25;45.38;0.073821067;0.032172763;0.041648303;0.832525342;0.093653592
biomass_image_train_0181.jpg;2017;3;basic;153.35;33.45;;;;;200.01;38.56;0;0;72.01;0.535481183;0;0;0.464518817;0
biomass_image_train_0182.jpg;2017;4;basic;184.74;31.56;;;;;71.03;12.92;0;0;44.48;0.290467626;0;0;0.709532374;0
biomass_image_train_0183.jpg;2017;2;basic;200.76;37.48;;;;;112.14;19.58;0;0;57.06;0.343147564;0;0;0.656852436;0
biomass_image_train_0184.jpg;2017;2;basic;33.47;8.73;;;;;213.97;39.11;0;0;47.84;0.817516722;0;0;0.182483278;0
biomass_image_train_0185.jpg;2017;2;basic;178.97;41.14;;;;;180.3;36.62;0;0;77.76;0.470936214;0;0;0.529063786;0
biomass_image_train_0186.jpg;2017;3;basic;236.65;59.1;;;;;83.15;19.51;0;0;78.61;0.248187254;0;0;0.751812746;0
biomass_image_train_0187.jpg;2017;3;basic;250.96;63.15;;;;;102.26;24.07;0;0;87.22;0.275968814;0;0;0.724031186;0
biomass_image_train_0188.jpg;2017;4;advance;149.35;20.08;175.24;20.97;5.19;1.22;180.43;22.19;23.94;2.92;45.19;0.49103784;0.026997123;0.464040717;0.444346094;0.064616066
biomass_image_train_0189.jpg;2017;2;advance;135.3;24.93;80.74;12.76;16.96;3.14;97.7;15.9;37.42;5.21;46.04;0.345351868;0.068201564;0.277150304;0.541485665;0.113162467
biomass_image_train_0190.jpg;2017;1;semi_advance;463.38;63.9;194.2;21.23;330.5;37.57;524.7;58.8;65.5;6.92;129.62;0.453633699;0.289847246;0.163786453;0.492979478;0.053386823
biomass_image_train_0191.jpg;2017;1;semi_advance;325.84;47.42;396.53;44.97;0;0;396.53;44.97;119.16;13.31;105.7;0.425449385;0;0.425449385;0.448628193;0.125922422
biomass_image_train_0192.jpg;2017;2;basic;202.63;40.97;;;;;84.58;15.96;0;0;56.93;0.280344282;0;0;0.719655718;0
biomass_image_train_0193.jpg;2017;4;basic;266.24;57.99;;;;;100.14;19.07;0;0;77.06;0.247469504;0;0;0.752530496;0
biomass_image_train_0194.jpg;2017;2;advance;69.35;18.23;16.47;3.72;18.31;3.69;34.78;7.41;1.42;0.54;26.18;0.283040489;0.140947288;0.142093201;0.696333079;0.020626432
biomass_image_train_0195.jpg;2017;2;advance;64.45;15.47;65.77;12.84;6.51;1.39;72.28;14.23;63.23;10.27;39.97;0.356017013;0.034776082;0.321240931;0.38704028;0.256942707
biomass_image_train_0196.jpg;2017;1;basic;219.62;47.26;;;;;318.9;46.94;0;0;94.2;0.498301486;0;0;0.501698514;0
biomass_image_train_0197.jpg;2017;3;advance;91.45;13.96;265.35;35.67;31.2;5.4;296.55;41.07;13.88;1.73;56.76;0.723572939;0.095137421;0.628435518;0.245947851;0.030479211
biomass_image_train_0198.jpg;2017;2;advance;202.11;35.53;85.7;13.26;79.8;13;165.5;26.26;24.74;3.28;65.07;0.403565391;0.199784847;0.203780544;0.546027355;0.050407254
biomass_image_train_0199.jpg;2017;3;basic;220.85;48.57;;;;;85.44;19.35;0;0;67.92;0.284893993;0;0;0.715106007;0
biomass_image_train_0200.jpg;2017;3;advance;56.23;12.95;38.08;7.06;6.67;1.58;44.75;8.64;37.8;5.62;27.21;0.31753032;0.058066887;0.259463433;0.475927968;0.206541713
biomass_image_train_0201.jpg;2017;1;semi_advance;360.91;57.23;244.71;26.99;13.13;1.69;257.84;28.68;244.9;5.05;90.96;0.31530343;0.018579595;0.296723835;0.629177661;0.055518909
biomass_image_train_0202.jpg;2017;2;basic;148.43;31.49;;;;;211.02;38.65;0;0;70.14;0.551040776;0;0;0.448959224;0
biomass_image_train_0203.jpg;2017;4;advance;113.72;17.53;101.44;14.78;7.91;1.96;109.35;16.74;10.52;1.4;35.67;0.469301934;0.054948136;0.414353799;0.491449397;0.039248668
biomass_image_train_0204.jpg;2017;3;advance;75.64;14.62;275.05;40.54;0;0;275.05;40.54;85.69;18.89;74.05;0.547467927;0;0.547467927;0.197434166;0.255097907
biomass_image_train_0205.jpg;2017;4;basic;142.72;26.11;;;;;99.21;17.83;0;0;43.94;0.40578061;0;0;0.59421939;0
biomass_image_train_0206.jpg;2017;3;advance;125.6;22.7;128.14;20.86;0;0;128.14;20.86;76.12;10.04;53.6;0.389179104;0;0.389179104;0.423507463;0.187313433
biomass_image_train_0207.jpg;2017;4;advance;97.32;15.28;136.77;18.65;99.16;15.76;235.93;34.41;34.14;4.16;53.85;0.638997214;0.29266481;0.346332405;0.283751161;0.077251625
biomass_image_train_0208.jpg;2017;2;advance;70.97;22.9;0;0;0;0;0;0;0.5;0.17;23.07;0;0;0;0.992631123;0.007368877
biomass_image_train_0209.jpg;2017;1;semi_advance;219.35;37.48;105.12;12.97;329.15;40.45;434.27;53.42;90.42;11.5;102.4;0.521679687;0.395019531;0.126660156;0.366015625;0.112304688
biomass_image_train_0210.jpg;2017;3;basic;193.28;33.82;;;;;119.34;24.36;0;0;58.18;0.418700584;0;0;0.581299416;0
biomass_image_train_0211.jpg;2017;2;advance;108.35;25.87;111.64;22.44;5.58;1.31;117.22;23.75;19.15;2.84;52.46;0.452725886;0.024971407;0.42775448;0.493137629;0.054136485
biomass_image_train_0212.jpg;2017;2;basic;44.63;12.47;;;;;121.2;26.05;0;0;38.52;0.676272066;0;0;0.323727934;0
biomass_image_train_0213.jpg;2017;3;advance;53.93;11.01;101.92;18.31;7.43;1.96;109.35;20.27;41.21;6.21;37.49;0.540677514;0.052280608;0.488396906;0.293678314;0.165644172
biomass_image_train_0214.jpg;2017;4;advance;177.19;22.93;122.27;14.94;0;0;122.27;14.94;44.92;5.47;43.34;0.344716198;0;0.344716198;0.52907245;0.126211352
biomass_image_train_0215.jpg;2017;4;basic;231.09;51.51;;;;;124.38;21.67;0;0;73.18;0.296119158;0;0;0.703880842;0
biomass_image_train_0216.jpg;2017;2;basic;140.55;34.07;;;;;66.48;14.92;0;0;48.99;0.304551949;0;0;0.695448051;0
biomass_image_train_0217.jpg;2017;2;basic;166.97;36.15;;;;;192.25;35.17;0;0;71.32;0.493129557;0;0;0.506870443;0
biomass_image_train_0218.jpg;2017;1;semi_advance;662.68;91.11;114.45;12.44;519.43;62.2;633.88;74.64;0.69;0.17;165.92;0.449855352;0.37487946;0.074975892;0.549120058;0.00102459
biomass_image_train_0219.jpg;2017;1;semi_advance;209.31;31.55;160.21;17.92;446.24;51.26;606.45;69.18;28;2.33;103.06;0.671259461;0.497380167;0.173879294;0.30613235;0.022608189
biomass_image_train_0220.jpg;2017;2;basic;138.85;31.34;;;;;67.24;13.24;0;0;44.58;0.296994168;0;0;0.703005832;0
biomass_image_train_0221.jpg;2017;4;advance;103.16;14.6;100.85;13.57;0;0;100.85;13.57;91.15;10.98;39.15;0.346615581;0;0.346615581;0.372924649;0.28045977
biomass_image_train_0222.jpg;2017;2;basic;29.11;7.74;;;;;214.04;40.82;0;0;48.56;0.840609555;0;0;0.159390445;0
biomass_image_train_0223.jpg;2017;3;advance;108.18;18.62;107.64;15.68;58.03;9.49;165.67;25.17;88.83;9.74;53.53;0.470203624;0.177283766;0.292919858;0.347842331;0.181954044
biomass_image_train_0224.jpg;2017;2;basic;91.79;21.8;;;;;47.05;11.49;0;0;33.29;0.345148693;0;0;0.654851307;0
biomass_image_train_0225.jpg;2018;2;advance;65.08;18.88;13.89;4.05;56.84;15.09;70.73;19.14;0;0;38.02;0.503419253;0.39689637;0.106522883;0.496580747;0
biomass_image_train_0226.jpg;2017;2;advance;283.66;58.86;6.39;1.22;32.69;6.17;39.08;7.39;6.6;1.23;67.48;0.10951393;0.091434499;0.018079431;0.872258447;0.018227623
biomass_image_train_0227.jpg;2017;3;basic;167.55;33.09;;;;;287.8;54.43;0;0;87.52;0.621914991;0;0;0.378085009;0
biomass_image_train_0228.jpg;2017;1;semi_advance;549.63;88.69;35.6;4.47;49.3;6.18;84.9;10.65;17.15;2.15;101.49;0.104936447;0.060892699;0.044043748;0.8738792;0.021184353
biomass_image_train_0229.jpg;2017;2;advance;72.42;17.46;102.03;19.71;29.49;5.95;131.52;25.66;20.43;3.46;46.58;0.550880206;0.127737226;0.42314298;0.374838987;0.074280807
biomass_image_train_0230.jpg;2017;3;basic;116.62;21.86;;;;;201.19;40.72;0;0;62.58;0.65068712;0;0;0.34931288;0
biomass_image_train_0231.jpg;2017;1;semi_advance;284.08;47.56;442.96;54.95;41.98;5.23;484.94;60.18;0;4.98;112.72;0.533889283;0.046398155;0.487491128;0.421930447;0.04418027
biomass_image_train_0232.jpg;2017;1;semi_advance;418.76;61.55;144.3;16.03;217.96;25.65;362.26;41.68;34.14;4.3;107.53;0.387612759;0.238538082;0.149074677;0.5723984;0.03998884
biomass_image_train_0233.jpg;2017;2;basic;41.11;11.53;;;;;153.81;32.02;0;0;43.55;0.735246843;0;0;0.264753157;0
biomass_image_train_0234.jpg;2017;2;advance;254.84;54.73;0.92;0.19;0.25;0.22;1.17;0.41;6.96;1.29;56.43;0.007265639;0.003898635;0.003367003;0.96987418;0.022860181
biomass_image_train_0235.jpg;2017;4;basic;387.98;77.96;;;;;61.72;10.91;0;0;88.87;0.122763587;0;0;0.877236413;0
biomass_image_train_0236.jpg;2017;4;basic;227.51;48.8;;;;;138.63;25.32;0;0;74.12;0.341608203;0;0;0.658391797;0
biomass_image_train_0237.jpg;2017;3;advance;239.89;42.38;122.46;16.24;106.49;15.88;228.95;32.12;17.53;2.08;76.58;0.419430661;0.207364847;0.212065814;0.553408201;0.027161139
biomass_image_train_0238.jpg;2017;3;advance;151.35;24.13;118.41;16.25;0;0;118.41;16.25;22.8;2.69;43.07;0.377292779;0;0.377292779;0.560250755;0.062456466
biomass_image_train_0239.jpg;2017;3;basic;164.28;32.75;;;;;218.94;39.54;0;0;72.29;0.546963619;0;0;0.453036381;0
biomass_image_train_0240.jpg;2017;2;basic;127.83;29.77;;;;;36.75;7.82;0;0;37.59;0.208034052;0;0;0.791965948;0
biomass_image_train_0241.jpg;2017;4;advance;199.95;28;128.85;16.55;3.3;0.85;132.15;17.4;79.23;8.78;54.18;0.321151717;0.015688446;0.305463271;0.516795866;0.162052418
biomass_image_train_0242.jpg;2017;2;advance;94.67;24.04;8.41;1.84;0;0;8.41;1.84;3.02;0.68;26.56;0.069277108;0;0.069277108;0.905120482;0.02560241
biomass_image_train_0243.jpg;2017;2;basic;110.38;28.47;;;;;65.62;15.34;0;0;43.81;0.350148368;0;0;0.649851632;0
biomass_image_train_0244.jpg;2017;3;basic;97.58;18.87;;;;;237.48;52.67;0;0;71.54;0.736231479;0;0;0.263768521;0
biomass_image_train_0245.jpg;2017;1;semi_advance;141.66;20.41;211.89;22.48;855.46;91.53;1067.35;114.01;29.72;3.16;137.58;0.828681494;0.665285652;0.163395842;0.148350051;0.022968455
biomass_image_train_0246.jpg;2018;2;advance;83.36;19.99;2.6;0.67;26.42;6.85;29.02;7.52;0;0;27.51;0.273355144;0.249000364;0.02435478;0.726644856;0
biomass_image_train_0247.jpg;2017;3;basic;268.69;62.61;;;;;124.56;31.14;0;0;93.75;0.33216;0;0;0.66784;0
biomass_image_train_0248.jpg;2018;2;advance;59.67;16.33;34.44;9.5;85.68;22.19;120.12;31.69;0;0;48.02;0.659933361;0.462099125;0.197834236;0.340066639;0
biomass_image_train_0249.jpg;2017;1;basic;200.64;34.98;;;;;723.7;96.52;0;0;131.5;0.733992395;0;0;0.266007605;0
biomass_image_train_0250.jpg;2017;3;advance;157.74;30.18;20.21;2.96;0;0;20.21;2.96;10.93;1.26;34.4;0.086046512;0;0.086046512;0.877325581;0.036627907
biomass_image_train_0251.jpg;2017;2;basic;160.07;33.54;;;;;216.22;37.48;0;0;71.02;0.527738665;0;0;0.472261335;0
biomass_image_train_0252.jpg;2017;3;advance;87.14;17.62;90.77;13.25;61.17;9.16;151.94;22.41;2.39;0.48;40.51;0.553196742;0.226117008;0.327079733;0.434954332;0.011848926
biomass_image_train_0253.jpg;2017;1;semi_advance;665.24;102.75;196.01;22;36.57;4.55;232.58;26.55;170.7;17.59;146.89;0.180747498;0.03097556;0.149771938;0.699503029;0.119749472
biomass_image_train_0254.jpg;2017;2;advance;218.62;48.39;0;0;0;0;0;0;0.31;0.12;48.51;0;0;0;0.997526283;0.002473717
biomass_image_train_0255.jpg;2017;1;basic;254.97;61.56;;;;;228.98;34.9;0;0;96.46;0.361808003;0;0;0.638191997;0
biomass_image_train_0256.jpg;2017;1;semi_advance;441.69;86.51;0;0;0.69;0.3;0.69;0.3;27.13;6.42;93.23;0.003217848;0.003217848;0;0.927920197;0.068861954
biomass_image_train_0257.jpg;2017;3;basic;313.98;86.91;;;;;38.43;12.24;0;0;99.15;0.123449319;0;0;0.876550681;0
biomass_image_train_0258.jpg;2017;1;basic;503.74;99.35;;;;;243.27;32.51;0;0;131.86;0.246549371;0;0;0.753450629;0
biomass_image_train_0259.jpg;2017;1;semi_advance;334.28;65.16;103.31;15.14;4.25;0.7;107.56;15.84;30.98;4.19;85.19;0.185937317;0.008216927;0.17772039;0.764878507;0.049184177
biomass_image_train_0260.jpg;2017;2;basic;9.29;2.13;;;;;209.86;39.55;0;0;41.68;0.948896353;0;0;0.051103647;0
